g,pt,time,predict,rep,norm,norm.fit
4.354342566,40,1.06E-05,4.239905243,1,0.981074441,0.947603938
4.308226856,40,1.15E-05,4.222223436,1,0.967586568,0.942432382
4.288053501,40,1.25E-05,4.20473531,1,0.961686287,0.937317474
4.269295183,40,1.34E-05,4.1874377,1,0.956199875,0.932258288
4.245529809,40,1.44E-05,4.170327509,1,0.949249005,0.927253918
4.235116585,40,1.54E-05,4.153401708,1,0.946203356,0.922303478
4.204294165,40,1.63E-05,4.136657333,1,0.937188449,0.917406102
4.177807565,40,1.73E-05,4.120091481,1,0.929441677,0.91256094
4.139184298,40,1.82E-05,4.103701313,1,0.918145186,0.907767161
4.122330838,40,1.92E-05,4.087484049,1,0.913215904,0.903023954
4.125687017,40,2.02E-05,4.071436967,1,0.914197516,0.898330521
4.108325595,40,2.11E-05,4.055557403,1,0.909119666,0.893686083
4.067525346,40,2.21E-05,4.039842746,1,0.897186454,0.889089878
4.057075838,40,2.30E-05,4.024290442,1,0.894130193,0.884541157
4.035287889,40,2.40E-05,4.008897988,1,0.887757678,0.880039189
4.026162711,40,2.50E-05,3.99366293,1,0.885088756,0.875583256
4.002742026,40,2.59E-05,3.978582868,1,0.8782387,0.871172656
3.968055465,40,2.69E-05,3.963655449,1,0.868093612,0.8668067
3.956209062,40,2.78E-05,3.948878365,1,0.864628789,0.862484715
3.941931696,40,2.88E-05,3.934249359,1,0.860452961,0.858206039
3.922193737,40,2.98E-05,3.919766214,1,0.854680024,0.853970025
3.914864568,40,3.07E-05,3.90542676,1,0.852536397,0.849776037
3.881547691,40,3.22E-05,3.884182357,1,0.842791913,0.843562497
3.839069353,40,3.41E-05,3.856339894,1,0.830367895,0.835419164
3.80688632,40,3.60E-05,3.829035224,1,0.820955037,0.827433124
3.769405968,40,3.79E-05,3.802252913,1,0.809992825,0.819599863
3.739844383,40,3.98E-05,3.775978114,1,0.801346685,0.811915039
3.712087877,40,4.18E-05,3.750196538,1,0.793228492,0.804374472
3.687751046,40,4.37E-05,3.724894424,1,0.786110483,0.796974137
3.664566201,40,4.56E-05,3.700058522,1,0.779329405,0.78971016
3.629798003,40,4.75E-05,3.675676063,1,0.76916044,0.782578805
3.610649643,40,4.94E-05,3.651734742,1,0.763559949,0.775576474
3.584163043,40,5.14E-05,3.628222694,1,0.755813177,0.768699696
3.563871768,40,5.33E-05,3.605128476,1,0.749878407,0.761945124
3.524568194,40,5.52E-05,3.582441049,1,0.738382941,0.75530953
3.509674017,40,5.71E-05,3.560149758,1,0.734026708,0.748789798
3.481336984,40,5.90E-05,3.538244318,1,0.725738724,0.742382919
3.456328917,40,6.10E-05,3.516714797,1,0.718424392,0.736085988
3.423964469,40,6.38E-05,3.485104464,1,0.708958474,0.726840632
3.380043881,40,6.77E-05,3.444186198,1,0.696112628,0.714872903
3.337615433,40,7.15E-05,3.404609036,1,0.683703202,0.703297418
3.307350864,40,7.54E-05,3.366308108,1,0.674851454,0.692095204
3.260804293,40,7.92E-05,3.329222663,1,0.661237564,0.681248494
3.234426543,40,8.30E-05,3.293295745,1,0.653522629,0.670740628
3.195132039,40,8.69E-05,3.2584739,1,0.642029815,0.660555973
3.15179198,40,9.07E-05,3.224706914,1,0.629353762,0.650679842
3.124869984,40,9.46E-05,3.191947571,1,0.621479646,0.641098425
3.096555628,40,9.84E-05,3.16015143,1,0.613198294,0.631798725
3.07129358,40,0.00010224,3.129276625,1,0.605809678,0.622768496
3.035777045,40,0.00010608,3.099283683,1,0.595421841,0.613996193
3.002387602,40,0.00010992,3.070135354,1,0.585656133,0.605470921
2.972186529,40,0.00011376,3.041796457,1,0.576822956,0.597182392
2.954362499,40,0.0001176,3.014233736,1,0.571609804,0.589120877
2.924238527,40,0.00012144,2.987415734,1,0.562799177,0.581277178
2.892470481,40,0.0001272,2.948520367,1,0.553507694,0.569901103
2.842615353,40,0.00013488,2.899001308,1,0.538926121,0.555417823
2.803942196,40,0.00014256,2.851973091,1,0.527615038,0.541663062
2.75766548,40,0.00015024,2.807252392,1,0.514080075,0.528583201
2.727616342,40,0.00015792,2.764673443,1,0.505291336,0.516129756
2.686326273,40,0.0001656,2.724085985,1,0.493214862,0.504258781
2.651387999,40,0.00017328,2.685353493,1,0.482996154,0.492930344
2.615408856,40,0.00018096,2.64835164,1,0.472473013,0.482108083
2.582432132,40,0.00018864,2.61296697,1,0.462828017,0.471758813
2.553528177,40,0.00019632,2.579095731,1,0.45437422,0.46185219
2.52644064,40,0.000204,2.546642859,1,0.446451687,0.45236041
2.499908686,40,0.00021168,2.515521089,1,0.43869165,0.443257949
2.46813157,40,0.00021936,2.485650173,1,0.429397514,0.434521336
2.445504576,40,0.00022704,2.456956183,1,0.422779596,0.426128949
2.417471412,40,0.00023472,2.429370906,1,0.414580486,0.418060837
2.394928323,40,0.0002424,2.402831301,1,0.407987108,0.410298563
2.362724881,40,0.00025392,2.36485606,1,0.398568281,0.399191606
2.319879177,40,0.00026928,2.317372335,1,0.386036816,0.385303618
2.280649303,40,0.00028464,2.273148686,1,0.374562906,0.372369134
2.245995624,40,3.00E-04,2.231860517,1,0.364427436,0.360293215
2.210989319,40,0.00031536,2.193224938,1,0.35418883,0.348993123
2.179573899,40,0.00033072,2.156994281,1,0.345000482,0.33839642
2.148066637,40,0.00034608,2.122950775,1,0.335785273,0.328439413
2.118338377,40,0.00036144,2.090902175,1,0.327090384,0.319065874
2.094855331,40,0.0003768,2.060678124,1,0.320222088,0.310225976
2.070030946,40,0.00039216,2.032127125,1,0.312961479,0.301875411
2.046801881,40,0.00040752,2.005114001,1,0.306167468,0.293974642
2.019283483,40,0.00042288,1.979517757,1,0.298118917,0.286488281
2.000533102,40,0.00043824,1.955229765,1,0.292634826,0.279384556
1.976898121,40,0.0004536,1.932152226,1,0.285722093,0.272634862
1.960791864,40,0.00046896,1.91019685,1,0.281011352,0.266213378
1.940670666,40,0.00048432,1.889283731,1,0.275126326,0.260096732
1.91669383,40,0.00050736,1.859711518,1,0.268113608,0.251447483
1.880426691,40,0.00053808,1.823306277,1,0.257506234,0.240799718
1.85069106,40,0.0005688,1.789958345,1,0.24880919,0.231046152
1.818500091,40,0.00059952,1.759298113,1,0.23939401,0.222078681
1.790170427,40,0.00063024,1.731013242,1,0.231108181,0.213805953
1.7638437,40,0.00066096,1.704837984,1,0.223408169,0.206150242
1.74153815,40,0.00069168,1.680544807,1,0.216884266,0.199045
1.718660577,40,0.0007224,1.657937766,1,0.210193059,0.192432917
1.697176497,40,0.00075312,1.636847201,1,0.203909418,0.186264372
1.679807705,40,0.00078384,1.617125477,1,0.198829413,0.180496184
1.662375985,40,0.00081456,1.59864352,1,0.193731003,0.175090601
1.643782642,40,0.00084528,1.581287988,1,0.188292842,0.170014474
1.630915211,40,0.000876,1.564958949,1,0.18452939,0.165238575
1.612923939,40,0.00090672,1.54956795,1,0.179267323,0.160737032
1.598632967,40,0.00093744,1.535036418,1,0.175087515,0.156486866
1.586748579,40,0.00096816,1.521294316,1,0.171611582,0.152467591
1.564475061,40,0.00101424,1.502026136,1,0.165097048,0.146832055
1.53946501,40,0.00107568,1.478565606,1,0.157782135,0.139970344
1.518364737,40,0.00113712,1.457322768,1,0.151610751,0.133757262
1.500963347,40,0.00119856,1.437997361,1,0.146521211,0.128104989
1.485900794,40,0.00126,1.420340987,1,0.142115732,0.122940872
1.469197569,40,0.00132144,1.404146377,1,0.137230391,0.11820429
1.453020447,40,0.00138288,1.38923922,1,0.132498924,0.113844261
1.441371049,40,0.00144432,1.375471858,1,0.129091721,0.109817598
1.428443808,40,0.00150576,1.362718382,1,0.125310776,0.106087475
1.416122891,40,0.0015672,1.350870769,1,0.121707167,0.102622298
1.403251208,40,0.00162864,1.339835816,1,0.117942472,0.099394807
1.393265159,40,0.00169008,1.329532683,1,0.115021763,0.096381358
1.379220515,40,0.00175152,1.319890905,1,0.110914001,0.093561342
1.369622524,40,0.00181296,1.310848784,1,0.108106791,0.090916712
1.361604829,40,0.0018744,1.302352066,1,0.105761784,0.088431601
1.35245499,40,0.00193584,1.294352849,1,0.10308565,0.086091999
1.342407996,40,0.002028,1.283195276,1,0.100147116,0.082828644
1.325573529,40,0.00215088,1.269701199,1,0.095223389,0.078881911
1.312976662,40,0.00227376,1.25756818,1,0.091539071,0.075333259
1.301824879,40,0.00239664,1.246600183,1,0.08827741,0.072125351
1.291670171,40,0.00251952,1.236637097,1,0.085307372,0.069211359
1.284041384,40,0.0026424,1.227546864,1,0.083076113,0.066552658
1.275693881,40,0.00276528,1.219219592,1,0.080634644,0.064117106
1.26558807,40,0.00288816,1.211563095,1,0.077678908,0.061877742
1.257480376,40,0.00301104,1.204499463,1,0.075307578,0.059811779
1.248199436,40,0.00313392,1.197962402,1,0.072593099,0.057899827
1.240328148,40,0.0032568,1.191895146,1,0.070290914,0.056125282
1.234354632,40,0.00337968,1.186248806,1,0.068543786,0.054473847
1.229690847,40,0.00350256,1.18098105,1,0.067179727,0.052933139
1.225919398,40,0.00362544,1.176055036,1,0.066076658,0.051492384
1.220663605,40,0.00374832,1.171438554,1,0.06453945,0.050142161
1.215380033,40,0.0038712,1.167103317,1,0.062994116,0.048874195
1.206180872,40,0.00405552,1.161074034,1,0.060303556,0.047110757
1.197455091,40,0.00430128,1.153809489,1,0.057751449,0.044986031
1.18884567,40,0.00454704,1.147303074,1,0.055233375,0.043083042
1.181150624,40,0.0047928,1.141441995,1,0.052982736,0.0413688
1.17243526,40,0.00503856,1.136134778,1,0.050433676,0.039816551
1.165719005,40,0.00528432,1.131306457,1,0.048469313,0.038404369
1.158688463,40,0.00553008,1.12689501,1,0.046413028,0.037114114
1.151622133,40,0.00577584,1.122848683,1,0.044346275,0.035930648
1.147837078,40,0.0060216,1.119123947,1,0.043239227,0.034841242
1.142629615,40,0.00626736,1.115683928,1,0.041716154,0.033835109
1.136194908,40,0.00651312,1.112497184,1,0.039834138,0.032903053
1.132341822,40,0.00675888,1.109536736,1,0.038707191,0.032037185
1.125674251,40,0.00700464,1.106779305,1,0.036757067,0.031230694
1.123627521,40,0.0072504,1.104204701,1,0.036158442,0.030477677
1.120951294,40,0.00749616,1.101795325,1,0.035375702,0.029772985
1.11882484,40,0.00774192,1.099535765,1,0.034753759,0.029112112
1.11255695,40,0.00811056,1.096398125,1,0.032920533,0.028194418
1.105751086,40,0.00860208,1.092625164,1,0.030929962,0.027090907
1.100599925,40,0.0090936,1.089252895,1,0.029423356,0.026104589
1.093083212,40,0.00958512,1.086220707,1,0.027224876,0.025217738
1.088213138,40,0.01007664,1.083479624,1,0.025800482,0.024416029
1.083862295,40,0.01056816,1.080989646,1,0.024527952,0.023687763
1.079904895,40,0.01105968,1.078717779,1,0.023370496,0.02302329
1.07430987,40,0.0115512,1.076636568,1,0.021734069,0.022414579
1.069337042,40,0.01204272,1.074722978,1,0.020279622,0.021854895
1.067087283,40,0.01253424,1.072957544,1,0.019621615,0.021338543
1.061652307,40,0.01302576,1.0713237,1,0.018031999,0.020860678
1.058360616,40,0.01351728,1.069807263,1,0.017069249,0.020417152
1.056041975,40,0.0140088,1.068396017,1,0.016391095,0.020004392
1.054178148,40,0.01450032,1.067079383,1,0.015845965,0.019619304
1.04952262,40,0.01499184,1.065848155,1,0.014484322,0.019259196
1.047486377,40,0.01548336,1.064694285,1,0.013888764,0.018921714
1.046039468,40,0.01622064,1.063093294,1,0.013465573,0.018453458
1.04170542,40,0.01720368,1.061170098,1,0.012197956,0.017890963
1.038727254,40,0.01818672,1.059452965,1,0.011326905,0.017388738
1.036407373,40,0.01916976,1.057910461,1,0.010648389,0.016937588
1.032975085,40,0.0201528,1.056517236,1,0.009644517,0.016530099
1.032434968,40,0.02113584,1.055252619,1,0.009486544,0.016160226
1.031508157,40,0.02211888,1.054099589,1,0.009215471,0.015822989
1.030202819,40,0.02310192,1.053044,1,0.008833687,0.015514251
1.027574833,40,0.02408496,1.052074002,1,0.008065057,0.015230547
1.024781821,40,0.025068,1.051179589,1,0.00724816,0.01496895
1.022871187,40,0.02605104,1.050352259,1,0.00668934,0.014726974
1.020044726,40,0.02703408,1.049584738,1,0.00586266,0.01450249
1.020373665,40,0.02801712,1.048870765,1,0.005958867,0.014293668
1.018709713,40,0.02900016,1.048204926,1,0.005472196,0.014098924
1.018764368,40,0.0299832,1.047582512,1,0.005488182,0.013916881
1.018434792,40,0.03096624,1.04699941,1,0.005391788,0.013746336
1.016542078,40,0.0324408,1.046190685,1,0.004838209,0.013509801
1.01218902,40,0.03440688,1.045219707,1,0.003565031,0.01322581
1.012675032,40,0.03637296,1.04435323,1,0.003707179,0.012972384
1.012301811,40,0.03833904,1.043575246,1,0.00359802,0.01274484
1.012163942,40,0.04030512,1.042872856,1,0.003557696,0.012539406
1.01262206,40,0.0422712,1.042235553,1,0.003691686,0.012353008
1.010753928,40,0.04423728,1.041654692,1,0.003145297,0.012183119
1.009336153,40,0.04620336,1.041123091,1,0.002730628,0.012027637
1.009844779,40,0.04816944,1.040634739,1,0.00287939,0.011884804
1.008461702,40,0.05013552,1.040184566,1,0.002474869,0.011753138
1.007959861,40,0.0521016,1.039768261,1,0.002328091,0.011631377
1.006460627,40,0.05406768,1.039382142,1,0.001889597,0.011518446
1.007570377,40,0.05603376,1.039023041,1,0.002214176,0.011413416
1.005765988,40,0.05799984,1.038688217,1,0.00168643,0.011315487
1.007725696,40,0.05996592,1.038375288,1,0.002259603,0.011223962
1.007228886,40,0.061932,1.038082177,1,0.002114297,0.011138233
1.005422482,40,0.06488112,1.037675733,1,0.001585962,0.011019357
1.005291354,40,0.06881328,1.037187873,1,0.001547609,0.010876668
1.007464561,40,0.07274544,1.036752637,1,0.002183227,0.010749371
1.005033989,40,0.0766776,1.036361945,1,0.001472336,0.010635102
1.007873042,40,0.08060976,1.036009292,1,0.002302699,0.010531958
1.005902284,40,0.08454192,1.035689381,1,0.001726294,0.010438391
1.005753458,40,0.08847408,1.035397855,1,0.001682765,0.010353126
1.005296346,40,0.09240624,1.035131095,1,0.001549069,0.010275104
1.005054695,40,0.0963384,1.034886075,1,0.001478392,0.010203441
1.005631242,40,0.10027056,1.03466024,1,0.001647019,0.010137389
1.004464994,40,0.10420272,1.034451423,1,0.001305917,0.010076314
1.005778863,40,0.10813488,1.03425777,1,0.001690196,0.010019675
1.006338836,40,0.11206704,1.034077687,1,0.001853976,0.009967005
1.005804118,40,0.1159992,1.033909796,1,0.001697582,0.0099179
1.005813941,40,0.11993136,1.033752899,1,0.001700455,0.009872011
1.006091959,40,0.12386352,1.033605951,1,0.001781769,0.009829032
1.005775298,40,0.12976176,1.033402206,1,0.001689153,0.009769441
1.006333747,40,0.13762608,1.03315768,1,0.001852487,0.009697922
1.004085631,40,0.1454904,1.032939559,1,0.001194961,0.009634126
1.004091977,40,0.15335472,1.032743786,1,0.001196817,0.009576867
1.004641261,40,0.16121904,1.032567094,1,0.001357471,0.009525188
1.00618322,40,0.16908336,1.032406822,1,0.001808461,0.009478312
1.006819827,40,0.17694768,1.032260784,1,0.001994656,0.009435599
1.007499799,40,0.184812,1.032127163,1,0.002193533,0.009396517
1.006490472,40,0.19267632,1.032004441,1,0.001898326,0.009360624
1.007161172,40,0.20054064,1.031891336,1,0.002094492,0.009327543
1.005065657,40,0.20840496,1.031786761,1,0.001481598,0.009296957
1.005056753,40,0.21626928,1.031689786,1,0.001478994,0.009268594
1.004403229,40,0.2241336,1.03159961,1,0.001287852,0.009242219
1.00510735,40,0.23199792,1.031515545,1,0.001493792,0.009217632
1.002816766,40,0.23986224,1.031436988,1,0.000823845,0.009194656
1.002550231,40,0.24772656,1.031363415,1,0.000745889,0.009173137
1.004187856,40,0.25952304,1.031261411,1,0.00122486,0.009143303
1.005494472,40,0.27525168,1.031138999,1,0.001607017,0.0091075
1.004306398,40,0.29098032,1.031029813,1,0.001259531,0.009075566
1.004584699,40,0.30670896,1.030931819,1,0.001340928,0.009046905
1.006636221,40,0.3224376,1.030843381,1,0.001940955,0.009021038
1.005041505,40,0.33816624,1.030763166,1,0.001474534,0.008997577
1.003988893,40,0.35389488,1.030690078,1,0.001166667,0.0089762
1.005415727,40,0.36962352,1.030623207,1,0.001583986,0.008956642
1.004978699,40,0.38535216,1.030561793,1,0.001456164,0.00893868
1.005462347,40,0.4010808,1.030505194,1,0.001597621,0.008922126
1.004164543,40,0.41680944,1.030452864,1,0.001218041,0.00890682
1.00556611,40,0.43253808,1.030404339,1,0.00162797,0.008892628
1.005767226,40,0.44826672,1.030359218,1,0.001686792,0.008879431
1.004126308,40,0.46399536,1.030317155,1,0.001206858,0.008867128
1.004327752,40,0.479724,1.03027785,1,0.001265776,0.008855632
1.003888797,40,0.49545264,1.030241039,1,0.001137391,0.008844866
1.003997984,40,0.5190456,1.030190004,1,0.001169326,0.008829939
1.005064859,40,0.55050288,1.030128761,1,0.001481364,0.008812027
1.003756479,40,0.58196016,1.030074136,1,0.001098691,0.00879605
1.004984905,40,0.61341744,1.030025112,1,0.00145798,0.008781712
1.00370501,40,0.64487472,1.029980871,1,0.001083637,0.008768772
1.006534385,40,0.676332,1.029940743,1,0.00191117,0.008757036
1.004303277,40,0.70778928,1.029904182,1,0.001258618,0.008746342
1.003803765,40,0.73924656,1.029870731,1,0.001112521,0.008736559
1.005651031,40,0.77070384,1.029840011,1,0.001652807,0.008727574
1.004284638,40,0.80216112,1.0298117,1,0.001253166,0.008719293
1.004493012,40,0.8336184,1.029785524,1,0.001314111,0.008711637
1.003484814,40,0.86507568,1.029761253,1,0.001019235,0.008704539
1.00421359,40,0.89653296,1.029738684,1,0.001232386,0.008697938
1.004807171,40,0.92799024,1.029717645,1,0.001405996,0.008691784
1.004721977,40,0.95944752,1.029697985,1,0.001381079,0.008686034
3.009697056,95,1.06E-05,2.94159263,1,0.993845171,0.960165839
2.984186317,95,1.15E-05,2.933706927,1,0.981229476,0.956266163
2.990314595,95,1.25E-05,2.925885371,1,0.984260062,0.952398209
3.007891826,95,1.34E-05,2.918127183,1,0.99295244,0.948561592
2.972974894,95,1.44E-05,2.910431594,1,0.975685149,0.944755932
2.964898869,95,1.54E-05,2.902797851,1,0.971691354,0.940980856
2.94214348,95,1.63E-05,2.895225211,1,0.960438248,0.937235997
2.92551637,95,1.73E-05,2.887712944,1,0.952215729,0.933520994
2.922666008,95,1.82E-05,2.880260329,1,0.950806154,0.929835491
2.88888922,95,1.92E-05,2.87286666,1,0.934102692,0.926179138
2.889316774,95,2.02E-05,2.86553124,1,0.934314128,0.92255159
2.921715887,95,2.11E-05,2.858253383,1,0.950336295,0.918952509
2.873592278,95,2.21E-05,2.851032415,1,0.926537974,0.915381561
2.868794169,95,2.30E-05,2.84386767,1,0.92416519,0.911838416
2.868984193,95,2.40E-05,2.836758495,1,0.924259161,0.908322752
2.866086325,95,2.50E-05,2.829704246,1,0.922826093,0.904834251
2.839150406,95,2.59E-05,2.822704289,1,0.909505612,0.901372598
2.818010223,95,2.69E-05,2.815757999,1,0.899051265,0.897937485
2.830504309,95,2.78E-05,2.808864761,1,0.905229902,0.894528607
2.808414004,95,2.88E-05,2.802023971,1,0.894305696,0.891145666
2.77040918,95,2.98E-05,2.795235031,1,0.875511366,0.887788367
2.809126595,95,3.07E-05,2.788497355,1,0.89465809,0.884456418
2.764209643,95,3.22E-05,2.778485696,1,0.872445541,0.879505404
2.75276069,95,3.41E-05,2.765310913,1,0.866783749,0.872990146
2.730052807,95,3.60E-05,2.752331049,1,0.855554136,0.866571281
2.715207173,95,3.79E-05,2.73954181,1,0.848212601,0.860246684
2.698437544,95,3.98E-05,2.726939027,1,0.839919602,0.854014294
2.688342512,95,4.18E-05,2.714518651,1,0.834927358,0.847872109
2.675420872,95,4.37E-05,2.702276752,1,0.828537285,0.841818186
2.662475479,95,4.56E-05,2.69020951,1,0.822135467,0.835850635
2.637416048,95,4.75E-05,2.678313213,1,0.809742955,0.82996762
2.637914861,95,4.94E-05,2.666584255,1,0.80998963,0.824167359
2.623520534,95,5.14E-05,2.655019129,1,0.802871278,0.818448116
2.605230712,95,5.33E-05,2.643614427,1,0.793826506,0.812808207
2.595586988,95,5.52E-05,2.632366833,1,0.789057445,0.807245992
2.582594089,95,5.71E-05,2.621273124,1,0.782632133,0.801759878
2.564066737,95,5.90E-05,2.610330162,1,0.773469897,0.796348311
2.558722308,95,6.10E-05,2.599534897,1,0.770826943,0.791009784
2.540111821,95,6.38E-05,2.583612453,1,0.761623595,0.783135739
2.511833856,95,6.77E-05,2.562872398,1,0.747639438,0.772879266
2.494874203,95,7.15E-05,2.542672159,1,0.739252468,0.762889746
2.489315998,95,7.54E-05,2.522990932,1,0.736503797,0.753156889
2.442938235,95,7.92E-05,2.503808967,1,0.71356884,0.743670931
2.439458419,95,8.30E-05,2.485107505,1,0.711847985,0.734422593
2.412154328,95,8.69E-05,2.466868715,1,0.698345433,0.725403058
2.397688741,95,9.07E-05,2.449075637,1,0.69119184,0.716603938
2.39031343,95,9.46E-05,2.431712129,1,0.687544565,0.708017252
2.360574655,95,9.84E-05,2.414762822,1,0.672838002,0.699635398
2.357403628,95,0.00010224,2.398213068,1,0.67126985,0.691451133
2.337700501,95,0.00010608,2.382048904,1,0.661526164,0.683457552
2.33406629,95,0.00010992,2.36625701,1,0.659728956,0.675648067
2.300930834,95,0.00011376,2.350824671,1,0.643342649,0.668016392
2.290990197,95,0.0001176,2.335739747,1,0.638426757,0.660556522
2.279683762,95,0.00012144,2.320990635,1,0.632835443,0.653262719
2.259576834,95,0.0001272,2.29947249,1,0.622892067,0.642621461
2.235057784,95,0.00013488,2.271857448,1,0.610766788,0.628965136
2.21375133,95,0.00014256,2.245400983,1,0.600230216,0.615881757
2.190259597,95,0.00015024,2.220031682,1,0.58861297,0.603336006
2.174077856,95,0.00015792,2.195683883,1,0.580610697,0.591295414
2.155051691,95,0.0001656,2.172297107,1,0.571201785,0.579730072
2.138923393,95,0.00017328,2.149815556,1,0.56322594,0.568612386
2.112462534,95,0.00018096,2.128187672,1,0.550140388,0.557916859
2.097391246,95,0.00018864,2.107365737,1,0.542687261,0.547619895
2.087670325,95,0.00019632,2.087305525,1,0.537880024,0.537699621
2.070199982,95,0.000204,2.067965988,1,0.529240505,0.528135739
2.05017619,95,0.00021168,2.049308976,1,0.519338242,0.518909383
2.035170223,95,0.00021936,2.031298984,1,0.511917418,0.510002994
2.018810333,95,0.00022704,2.013902928,1,0.503827045,0.501400212
1.99753357,95,0.00023472,1.997089942,1,0.493305157,0.493085772
1.98954068,95,0.0002424,1.980831194,1,0.489352474,0.485045417
1.968157028,95,0.00025392,1.957423765,1,0.478777726,0.473469861
1.945915299,95,0.00026928,1.927916115,1,0.467778638,0.458877594
1.923430101,95,0.00028464,1.900192196,1,0.456659149,0.445167427
1.902868897,95,3.00E-04,1.874095016,1,0.446491122,0.432261722
1.873124184,95,0.00031536,1.849485477,1,0.431781622,0.420091693
1.856289234,95,0.00033072,1.826239903,1,0.42345632,0.408596179
1.833364605,95,0.00034608,1.804247956,1,0.412119521,0.397720614
1.813916824,95,0.00036144,1.783410889,1,0.40250211,0.387416166
1.79692748,95,0.0003768,1.763640056,1,0.394100457,0.377638998
1.778999892,95,0.00039216,1.744855662,1,0.385234819,0.368349648
1.76128608,95,0.00040752,1.726985677,1,0.376474898,0.359512496
1.741490911,95,0.00042288,1.70996492,1,0.366685695,0.351095308
1.726505728,95,0.00043824,1.693734258,1,0.359275149,0.343068842
1.711814488,95,0.0004536,1.678239926,1,0.352009966,0.33540651
1.696312676,95,0.00046896,1.663432928,1,0.344343934,0.328084081
1.683435573,95,0.00048432,1.649268522,1,0.337975886,0.32107943
1.66849938,95,0.00050736,1.62913815,1,0.330589568,0.311124461
1.638171233,95,0.00053808,1.604192202,1,0.315591545,0.298788069
1.618080636,95,0.0005688,1.5811806,1,0.305656245,0.287408259
1.595987363,95,0.00059952,1.559886752,1,0.294730572,0.276877922
1.569618547,95,0.00063024,1.540125242,1,0.281690537,0.267105364
1.547359002,95,0.00066096,1.521736409,1,0.270682638,0.258011629
1.532646978,95,0.00069168,1.50458203,1,0.263407176,0.249528362
1.514293321,95,0.0007224,1.488541838,1,0.254330837,0.241596088
1.492918576,95,0.00075312,1.473510696,1,0.243760494,0.234162814
1.480633813,95,0.00078384,1.459396293,1,0.237685373,0.227182891
1.465048866,95,0.00081456,1.446117243,1,0.229978229,0.220616071
1.450504598,95,0.00084528,1.433601518,1,0.222785727,0.214426733
1.437532483,95,0.000876,1.42178514,1,0.216370693,0.208583241
1.419348065,95,0.00090672,1.410611084,1,0.207378046,0.203057392
1.405412468,95,0.00093744,1.400028363,1,0.200486547,0.197823973
1.39579695,95,0.00096816,1.389991247,1,0.195731434,0.19286037
1.377628863,95,0.00101424,1.375869717,1,0.186746864,0.185876922
1.359005757,95,0.00107568,1.358599213,1,0.177537275,0.177336228
1.342486277,95,0.00113712,1.342888381,1,0.169367981,0.169566831
1.333369573,95,0.00119856,1.328535072,1,0.164859544,0.162468763
1.319789528,95,0.00126,1.315370623,1,0.158143874,0.155958616
1.307324391,95,0.00132144,1.303253203,1,0.151979554,0.14996625
1.295888799,95,0.00138288,1.292062675,1,0.146324369,0.144432256
1.28985776,95,0.00144432,1.281696607,1,0.14334187,0.139305977
1.284173367,95,0.00150576,1.272067123,1,0.140530797,0.134543958
1.275005445,95,0.0015672,1.263098407,1,0.135997031,0.130108705
1.263706432,95,0.00162864,1.254724704,1,0.130409388,0.125967701
1.256040147,95,0.00169008,1.246888702,1,0.12661822,0.122092603
1.250140492,95,0.00175152,1.23954022,1,0.123700694,0.118458596
1.240396559,95,0.00181296,1.232635135,1,0.118882077,0.115043859
1.235729834,95,0.0018744,1.226134491,1,0.116574265,0.111829129
1.228167468,95,0.00193584,1.220003766,1,0.112834487,0.108797333
1.222653057,95,0.002028,1.211435032,1,0.110107474,0.104559881
1.213013044,95,0.00215088,1.201044755,1,0.105340247,0.099421631
1.205170467,95,0.00227376,1.191676985,1,0.101461898,0.094789036
1.198911176,95,0.00239664,1.183187861,1,0.098366523,0.090590953
1.192328622,95,0.00251952,1.175459304,1,0.095111286,0.086768989
1.188192999,95,0.0026424,1.168393484,1,0.093066118,0.083274765
1.181866532,95,0.00276528,1.161908659,1,0.089937523,0.080067858
1.173916695,95,0.00288816,1.155935999,1,0.086006131,0.077114229
1.169572491,95,0.00301104,1.150417135,1,0.083857814,0.074385014
1.166249667,95,0.00313392,1.14530224,1,0.082214595,0.071855571
1.160934558,95,0.0032568,1.140548526,1,0.079586141,0.069504741
1.158115743,95,0.00337968,1.136119041,1,0.078192167,0.067314251
1.154428088,95,0.00350256,1.131981709,1,0.07636853,0.065268237
1.153626052,95,0.00362544,1.128108547,1,0.075971903,0.063352862
1.148381461,95,0.00374832,1.124475037,1,0.073378322,0.061556001
1.145348498,95,0.0038712,1.121059605,1,0.071878447,0.059866985
1.135231012,95,0.00405552,1.116304254,1,0.066875098,0.057515346
1.130627195,95,0.00430128,1.11056644,1,0.064598396,0.054677854
1.126361302,95,0.00454704,1.105419801,1,0.062488806,0.052132713
1.121736887,95,0.0047928,1.100777448,1,0.060201918,0.049836954
1.116339757,95,0.00503856,1.096568725,1,0.057532903,0.047755636
1.11138614,95,0.00528432,1.092735586,1,0.055083216,0.045860053
1.108846608,95,0.00553008,1.089229904,1,0.053827354,0.044126406
1.104623768,95,0.00577584,1.086011437,1,0.051739055,0.042534795
1.102593442,95,0.0060216,1.083046277,1,0.050735008,0.041068449
1.100515795,95,0.00626736,1.080305652,1,0.04970756,0.039713142
1.096652219,95,0.00651312,1.077764988,1,0.047796926,0.03845672
1.093544285,95,0.00675888,1.075403171,1,0.046259975,0.037288743
1.086763913,95,0.00700464,1.073201958,1,0.042906913,0.036200189
1.084186154,95,0.0072504,1.071145507,1,0.041632147,0.035183222
1.081780047,95,0.00749616,1.069219992,1,0.040442267,0.034231007
1.080849412,95,0.00774192,1.067413293,1,0.039982045,0.03333755
1.077158416,95,0.00811056,1.064903033,1,0.038156755,0.032096164
1.07363898,95,0.00860208,1.061882225,1,0.036416307,0.030602299
1.071672119,95,0.0090936,1.059180138,1,0.035443645,0.02926605
1.066017417,95,0.00958512,1.056748858,1,0.032647254,0.028063722
1.064277787,95,0.01007664,1.054549618,1,0.031786964,0.026976143
1.060031842,95,0.01056816,1.052550711,1,0.029687239,0.025987633
1.056308743,95,0.01105968,1.050725956,1,0.027846074,0.025085247
1.0498868,95,0.0115512,1.049053545,1,0.024670263,0.024258198
1.048218893,95,0.01204272,1.047515164,1,0.023845442,0.02349743
1.047194544,95,0.01253424,1.046095322,1,0.023338876,0.022795283
1.045732991,95,0.01302576,1.044780826,1,0.022616101,0.022145232
1.040397285,95,0.01351728,1.04356037,1,0.019977462,0.021541686
1.038319916,95,0.0140088,1.042424213,1,0.018950151,0.020979828
1.037799948,95,0.01450032,1.041363911,1,0.018693014,0.020455483
1.034925091,95,0.01499184,1.040372113,1,0.017271326,0.019965014
1.032462942,95,0.01548336,1.039442389,1,0.016053732,0.019505242
1.032354708,95,0.01622064,1.038152013,1,0.016000208,0.018867119
1.030418281,95,0.01720368,1.036601351,1,0.015042596,0.018100278
1.028615882,95,0.01818672,1.035216288,1,0.014151265,0.01741533
1.026261782,95,0.01916976,1.033971641,1,0.012987104,0.016799821
1.023468297,95,0.0201528,1.032847088,1,0.011605656,0.016243702
1.022586095,95,0.02113584,1.031826048,1,0.011169386,0.015738772
1.02167578,95,0.02211888,1.030894857,1,0.010719212,0.015278275
1.020340693,95,0.02310192,1.030042155,1,0.010058979,0.014856593
1.018717369,95,0.02408496,1.02925842,1,0.009256204,0.014469016
1.01568269,95,0.025068,1.028535609,1,0.00775548,0.014111568
1.012884566,95,0.02605104,1.027866886,1,0.006371738,0.013780868
1.011615682,95,0.02703408,1.027246397,1,0.005744244,0.013474021
1.011933935,95,0.02801712,1.026669105,1,0.005901628,0.013188536
1.009978997,95,0.02900016,1.026130652,1,0.004934862,0.012922257
1.008376086,95,0.0299832,1.025627246,1,0.004142183,0.01267331
1.008812455,95,0.03096624,1.025155572,1,0.004357978,0.012440056
1.00940751,95,0.0324408,1.024501293,1,0.004652248,0.012116499
1.006994885,95,0.03440688,1.023715594,1,0.003459145,0.011727951
1.006388835,95,0.03637296,1.023014316,1,0.003159438,0.011381152
1.007533619,95,0.03833904,1.022384545,1,0.003725562,0.011069714
1.007852847,95,0.04030512,1.021815876,1,0.003883428,0.010788493
1.00918174,95,0.0422712,1.021299828,1,0.004540599,0.010533295
1.0072474,95,0.04423728,1.020829419,1,0.00358402,0.010300666
1.007600935,95,0.04620336,1.020398852,1,0.003758851,0.01008774
1.007264148,95,0.04816944,1.020003271,1,0.003592302,0.009892115
1.006447963,95,0.05013552,1.019638577,1,0.003188678,0.009711765
1.005917138,95,0.0521016,1.01930129,1,0.002926172,0.009544968
1.006465893,95,0.05406768,1.018988432,1,0.003197545,0.009390252
1.005972067,95,0.05603376,1.018697441,1,0.002953336,0.00924635
1.004819257,95,0.05799984,1.018426102,1,0.002383242,0.009112166
1.005744744,95,0.05996592,1.01817249,1,0.002840919,0.008986748
1.005311251,95,0.061932,1.017934922,1,0.002626546,0.008869265
1.003830701,95,0.06488112,1.017605474,1,0.001894377,0.008706345
1.003783589,95,0.06881328,1.017209993,1,0.001871079,0.00851077
1.005884246,95,0.07274544,1.016857136,1,0.002909906,0.008336273
1.004326661,95,0.0766776,1.016540364,1,0.002139641,0.008179621
1.004865128,95,0.08060976,1.016254411,1,0.002405927,0.00803821
1.004613367,95,0.08454192,1.015994987,1,0.002281425,0.007909919
1.004439464,95,0.08847408,1.015758566,1,0.002195425,0.007793003
1.005947375,95,0.09240624,1.015542217,1,0.002941125,0.007686013
1.005888224,95,0.0963384,1.015343487,1,0.002911873,0.007587736
1.005130714,95,0.10027056,1.01516031,1,0.002537266,0.00749715
1.004262871,95,0.10420272,1.014990928,1,0.002108096,0.007413387
1.005451392,95,0.10813488,1.014833839,1,0.002695849,0.007335702
1.006677595,95,0.11206704,1.014687752,1,0.003302237,0.007263459
1.007149268,95,0.1159992,1.01455155,1,0.003535491,0.007196103
1.005022295,95,0.11993136,1.014424262,1,0.00248365,0.007133156
1.005406773,95,0.12386352,1.014305042,1,0.002673784,0.007074199
1.004847487,95,0.12976176,1.014139736,1,0.002397203,0.006992451
1.0036333,95,0.13762608,1.013941333,1,0.001796757,0.006894336
1.0035518,95,0.1454904,1.013764346,1,0.001756453,0.006806811
1.005343401,95,0.15335472,1.013605485,1,0.002642445,0.006728251
1.004035333,95,0.16121904,1.013462101,1,0.001995573,0.006657344
1.002558609,95,0.16908336,1.013332038,1,0.001265296,0.006593024
1.003295852,95,0.17694768,1.013213521,1,0.001629881,0.006534415
1.003969699,95,0.184812,1.013105079,1,0.001963115,0.006480787
1.004027162,95,0.19267632,1.013005478,1,0.001991532,0.006431532
1.004374393,95,0.20054064,1.012913681,1,0.002163246,0.006386136
1.004169831,95,0.20840496,1.012828804,1,0.002062085,0.006344163
1.003456324,95,0.21626928,1.012750094,1,0.001709238,0.006305239
1.003695791,95,0.2241336,1.012676902,1,0.001827661,0.006269043
1.004269778,95,0.23199792,1.012608667,1,0.002111511,0.006235299
1.004288677,95,0.23986224,1.012544902,1,0.002120857,0.006203766
1.003724838,95,0.24772656,1.012485183,1,0.001842025,0.006174233
1.003973932,95,0.25952304,1.012402384,1,0.001965208,0.006133287
1.002774787,95,0.27525168,1.012303016,1,0.001372201,0.006084147
1.003990311,95,0.29098032,1.012214382,1,0.001973308,0.006040316
1.003921215,95,0.30670896,1.012134833,1,0.001939138,0.006000977
1.003000461,95,0.3224376,1.012063039,1,0.001483803,0.005965473
1.003326767,95,0.33816624,1.011997919,1,0.001645169,0.005933269
1.003803419,95,0.35389488,1.011938584,1,0.001880885,0.005903927
1.002967001,95,0.36962352,1.011884295,1,0.001467256,0.005877079
1.004264535,95,0.38535216,1.011834436,1,0.002108919,0.005852423
1.005586864,95,0.4010808,1.011788485,1,0.002762843,0.005829699
1.003654922,95,0.41680944,1.011746,1,0.00180745,0.005808689
1.003703301,95,0.43253808,1.011706603,1,0.001831374,0.005789206
1.004088675,95,0.44826672,1.01166997,1,0.002021951,0.00577109
1.003531207,95,0.46399536,1.011635819,1,0.00174627,0.005754202
1.003814478,95,0.479724,1.011603907,1,0.001886354,0.005738421
1.004465006,95,0.49545264,1.011574019,1,0.002208057,0.00572364
1.004787715,95,0.5190456,1.011532583,1,0.002367644,0.005703149
1.004674385,95,0.55050288,1.011482858,1,0.0023116,0.005678559
1.003896911,95,0.58196016,1.011438506,1,0.001927119,0.005656626
1.004787961,95,0.61341744,1.011398701,1,0.002367766,0.005636941
1.003883851,95,0.64487472,1.011362779,1,0.001920661,0.005619177
1.005117434,95,0.676332,1.011330196,1,0.002530698,0.005603064
1.004412541,95,0.70778928,1.01130051,1,0.002182111,0.005588383
1.004229033,95,0.73924656,1.011273349,1,0.002091362,0.005574951
1.004710054,95,0.77070384,1.011248404,1,0.002329239,0.005562616
1.004841623,95,0.80216112,1.011225416,1,0.002394303,0.005551247
1.004035592,95,0.8336184,1.011204162,1,0.001995701,0.005540737
1.004905101,95,0.86507568,1.011184453,1,0.002425694,0.00553099
1.004363388,95,0.89653296,1.011166127,1,0.002157804,0.005521927
1.00459362,95,0.92799024,1.011149043,1,0.002271659,0.005513479
1.004604041,95,0.95944752,1.011133079,1,0.002276813,0.005505584
